,Data.ID,Location,Level,Nation.code,State.code,County.code,Crop,Qualifier,Crop.name.in.original.data,Plant.start,Plant.start.date,Plant.end,Plant.end.date,Plant.median,Plant.range,Harvest.start,Harvest.start.date,Harvest.end,Harvest.end.date,Harvest.median,Harvest.range,Source,Notes,X,full.crop.name,location.code,tot.days,lat.avg,lon.avg,harvested.area,tmin.day.avg,temp.average,precip.average,temp.min,precip.min,temp.max,precip.max,temp.min.month,precip.min.month,temp.max.month,precip.max.month,temp.at.planting,precip.at.planting,sunfrac.at.planting,daylength.at.planting,dsw.at.planting,precip.over.pet.min,precip.over.pet.min.day,precip.over.pet.max,precip.over.pet.max.day,precip.over.pet.at.planting,apr.to.sept.temp.anomaly,apr.to.sept.precip.frac,gdd.base.0.between.plant.and.harvest,gdd.base.4.between.plant.and.harvest,gdd.base.5.between.plant.and.harvest,gdd.base.8.between.plant.and.harvest,gdd.base.10.between.plant.and.harvest,gdd.base.0,gdd.base.4,gdd.base.5,gdd.base.8,gdd.base.10,gdd.base.0.from.plant.until.cold,gdd.base.4.from.plant.until.cold,gdd.base.5.from.plant.until.cold,gdd.base.8.from.plant.until.cold,gdd.base.10.from.plant.until.cold,ndays.growing.season.below.0,ndays.growing.season.below.5,ndays.growing.season.below.10,ndays.growing.season.below.12,ndays.growing.season.below.15,ndays.growing.season.below.17,ndays.below.0,ndays.below.5,ndays.below.10,ndays.below.12,ndays.below.15,ndays.below.17,LGP,LGP.T,LGP.P,LGP.tmin5.tmax100,LGP.T.tmin5.tmax100,LGP.P.tmin5.tmax100,temp.growing.season,precip.growing.season,ndays.since.snowfrac_0.5,ndays.since.snowfrac_0.1,ndays.since.snowfrac_0.05,ndays.since.snowfrac_0,climate.category,misclassified,climate.category.string
91,113,Chile,N,219,NA,NA,Barley,Winter,Barley,162,11-Jun,293,20-Oct,227.5,132,344,10-Dec,50,19-Feb,14.5,72,GIEWS,Not sure if this should really be classified as Winter,NA,Barley.Winter,219,152,-38.54777101,-72.33505623,157.2467913,-7.279937094,11.38262109,127.4916536,6.6874882,41.30039213,16.8161557,254.8627613,7,1,1,6,7.299183037,200.2578154,0.449971498,11.55249692,110.2068778,0.227208974,16,9.891898364,168,4.510149687,-3.042315416,1.516564258,1833.518402,1225.518402,1073.518402,622.673402,384.7689519,4146.025869,2686.025869,2321.025869,1304.775841,824.6698508,NA,NA,NA,0,0,0,0,48,76,115,152,0,0,154,206,282,365,97,211,251,251,365,251,12.06262106,92.83250617,NA,NA,NA,NA,2,FALSE,2
90,112,Chile,N,219,NA,NA,Wheat,Winter,Wheat,101,11-Apr,232,20-Aug,166.5,132,344,10-Dec,50,19-Feb,14.5,72,GIEWS,,NA,Wheat.Winter,219,213,-37.58743238,-72.02427271,2763.556501,-7.036835253,11.87168183,99.71881575,7.038211821,30.47691232,17.41772604,209.5850362,7,1,1,6,7.327512941,209.4513573,0.391150048,10.55021841,73.78557119,0.165548854,16,7.63558867,169,7.628782723,-3.127175368,1.545668747,2360.864669,1508.864669,1295.864669,701.1060624,447.183609,4324.393498,2864.393498,2499.393498,1452.347972,945.3289192,NA,NA,NA,0,0,0,0,102,129,168,204,0,0,142,194,266,337,216,365,216,216,365,216,11.08387168,104.8564749,NA,NA,NA,NA,2,TRUE,2X
20,22,Argentina,N,226,NA,NA,Barley,Winter,Barley,163,12-Jun,263,20-Sep,213,101,314,10-Nov,19,19-Jan,349,71,GIEWS,Not sure if this should really be classified as Winter,NA,Barley.Winter,226,136,-36.76298166,-61.39265338,2564.237188,-8.374585383,15.33231921,67.24809947,8.397460434,32.83519257,22.84058829,105.7552131,7,8,1,3,9.077399217,34.15935514,0.512537688,11.19501076,107.0877606,0.439736194,363,1.182617045,158,0.770149597,-4.386798074,0.693311038,1979.672972,1435.672972,1299.672972,891.6729724,629.405311,5584.417066,4124.417066,3759.417066,2664.417066,2023.587379,NA,NA,NA,NA,0,0,0,19,45,76,94,0,0,80,125,182,215,194,285,274,274,365,274,14.55641891,65.95886923,NA,NA,NA,NA,2,TRUE,2X
1292,1566,Victoria,S,202,252,NA,Maize,,Corn,274,1-Oct,334,30-Nov,304,61,121,1-May,181,30-Jun,151,61,FAS Australia,,NA,Maize,252,212,-36.728123,144.4514342,10.68363135,-3.900702444,14.68373962,47.56586128,8.111310712,31.70886666,21.53324883,62.02683175,7,2,2,8,15.44599039,50.31206848,0.54842702,14.51402016,239.76404,0.193387552,40,1.643673976,180,0.374972864,-3.934301281,1.134002867,3740.326218,2892.326218,2680.326218,2044.326218,1620.326218,5347.142633,3887.142633,3522.142633,2427.142633,1791.723328,NA,NA,NA,NA,1620.524629,0,0,0,19,45,79,0,0,84,133,193,232,105,282,188,188,365,188,17.6430482,41.82643212,NA,NA,NA,NA,2,FALSE,2
1296,1570,Victoria,S,202,252,NA,Millet,,Broom Millet,274,1-Oct,345,11-Dec,309.5,72,60,1-Mar,120,30-Apr,90,61,FAS Australia,,NA,Millet,252,145.5,-36.49794917,144.1503485,39.18102096,-3.788919931,14.89645735,46.72914635,8.221345086,29.97664828,21.84945006,62.28462196,7,2,2,8,16.20229695,46.61561613,0.561211798,14.70028676,249.4413845,0.18032432,45,1.626614966,183,0.327482385,-4.017870274,1.151052566,2892.396935,2308.396935,2162.396935,1724.396935,1432.396935,5424.604211,3964.604211,3599.604211,2504.604211,1860.190463,NA,NA,NA,NA,1643.743532,0,0,0,0,0,9,0,0,81,130,189,227,103,285,183,183,365,183,19.81093791,36.57411424,NA,NA,NA,NA,2,FALSE,2
1293,1567,Victoria,S,202,252,NA,Oats,Winter,Oats,91,1-Apr,181,30-Jun,136,91,305,1-Nov,31,31-Jan,350.5,92,FAS Australia,,NA,Oats.Winter,252,214.5,-36.10757635,142.8894329,1103.448956,-3.320490311,15.22815615,38.14273879,8.614945457,25.14514924,22.11909453,52.07267187,7,2,2,8,11.92232065,47.48022308,0.474371371,11.10982149,101.6135906,0.146041968,30,1.290429254,185,1.033713112,-4.033585994,1.163704588,2703.927755,1843.927755,1628.927755,983.9277548,613.060562,5545.802754,4085.802754,3720.802754,2625.802754,1954.935561,NA,NA,NA,NA,20.79312209,0,0,71,124,156,178,0,0,71,125,183,221,84,293,156,156,365,156,12.57640816,43.26178698,NA,NA,NA,NA,2,TRUE,2X
94,116,Chile,N,219,NA,NA,Sugarbeets,,Sugarbeet,228,16-Aug,293,20-Oct,260.5,66,70,11-Mar,228,16-Aug,149,159,GIEWS,,NA,Sugarbeets,219,253.5,-36.07056003,-71.88182074,454.1470752,-6.655061386,12.30116457,88.32215855,7.455621879,23.47182796,17.86300427,193.6184669,7,1,1,6,9.810452811,82.73413972,0.535640005,12.79615359,175.4904559,0.124509576,16,6.344628866,169,1.013658952,-3.138788178,1.584912929,3575.988616,2559.988616,2305.988616,1543.988616,1046.351587,4481.086221,3021.086221,2656.086221,1580.853451,1046.359918,NA,NA,NA,1549.14856,0,0,0,20,72,143,201,0,0,130,184,254,312,68,234,199,199,365,199,14.07869534,57.75667931,NA,NA,NA,NA,2,FALSE,2
1290,1564,Victoria,S,202,252,NA,Wheat,,Wheat,121,1-May,212,31-Jul,166.5,92,335,1-Dec,31,31-Jan,0.5,62,FAS Australia,,NA,Wheat,252,199,-35.92796099,142.7551561,10238.12026,-3.190353321,15.42336424,35.84008527,8.726796819,24.10484705,22.36522211,48.74056217,7,2,2,8,9.355302331,37.48604787,0.459050298,10.67766425,84.87105927,0.138161554,29,1.182357281,186,1.100062804,-4.094863232,1.159755345,2719.118201,1923.118201,1724.118201,1127.118201,777.6222047,5616.965948,4156.965948,3791.965948,2696.965948,2018.043775,NA,NA,NA,NA,0,0,0,61,91,123,145,0,0,69,121,179,216,147,365,147,147,365,147,13.66391056,39.42029527,NA,NA,NA,NA,2,TRUE,2X
1291,1565,Victoria,S,202,252,NA,Barley,Winter,Barley,121,1-May,212,31-Jul,166.5,92,335,1-Dec,31,31-Jan,0.5,62,FAS Australia,"Figure only shows harvest from Jan 1 - Jan 31, but the triangle is already at 50% by Jan 1, so I'm assuming that harvest really stars Dec 1 (and this is consistent with the fact that barley harvest spreads over at least 2 months in all other states)",NA,Barley.Winter,252,199,-35.89624784,142.6246504,6059.200987,-3.103449102,15.46964823,35.02627232,8.814478747,23.77540046,22.36622935,47.49041408,7,2,2,8,9.429279009,36.41995297,0.460403988,10.68005229,85.09534147,0.135062896,25,1.142677659,186,1.063290326,-4.07384677,1.156689539,2730.7758,1934.7758,1735.7758,1138.7758,784.4708024,5633.939195,4173.939195,3808.939195,2713.939195,2029.687245,NA,NA,NA,NA,0,0,0,59,90,123,144,0,0,66,120,178,216,78,299,144,144,365,144,13.72249146,38.53445764,NA,NA,NA,NA,2,TRUE,2X
93,115,Chile,N,219,NA,NA,Rice,,Rice,284,11-Oct,354,20-Dec,319,71,71,12-Mar,131,11-May,101,61,GIEWS,,NA,Rice,219,147,-35.21665272,-71.59081557,252.9860648,-6.892714038,13.09725841,71.13861517,7.792405846,10.07810048,19.25719592,181.1369087,7,2,1,6,15.2088478,26.64703463,0.676813952,14.91156311,288.1958013,0.051501496,16,5.739966955,170,0.165904976,-3.45677832,1.71189676,2530.640506,1942.640506,1795.640506,1354.640506,1060.640506,4770.953192,3310.953192,2945.953192,1854.145915,1284.067201,NA,NA,NA,1516.549986,1119.239812,0,0,0,0,17,60,0,0,116,165,232,278,14,199,175,175,365,175,17.21524154,17.6518568,NA,NA,NA,NA,2,FALSE,2
555,661,Argentina,N,226,NA,NA,Sunflower,,Sunflower,246,3-Sep,360,26-Dec,303,115,46,15-Feb,136,16-May,91,91,MWCACP Updates,Planted earliest in northern cropping zones,NA,Sunflower,226,153,-35.18579051,-61.83428519,27774.80994,-8.326469901,16.27640011,66.68876476,9.384501541,27.95934268,23.39055616,105.465357,7,8,1,3,17.71811455,83.78392658,0.620850234,14.37363432,256.6081911,0.460679328,228,0.941197057,147,0.555475486,-4.295355084,0.635504851,3250.367863,2638.367863,2485.367863,2026.367863,1720.367863,5929.462389,4469.462389,4104.462389,3009.462389,2302.639744,NA,NA,NA,NA,1993.234969,0,0,0,0,0,0,0,0,49,100,161,197,215,316,264,264,365,264,21.2442344,92.10566824,NA,NA,NA,NA,2,FALSE,2
1273,1547,New South Wales,S,202,251,NA,Rice,,Rice,274,1-Oct,304,31-Oct,289,31,60,1-Mar,151,31-May,105.5,92,FAS Australia,,NA,Rice,251,181.5,-34.44478862,145.3585127,1367.643101,-3.718994399,16.61607238,37.0192464,8.755810621,28.4321761,24.35759217,45.53386397,7,2,2,10,16.41009263,45.31022196,0.643946114,13.82357548,243.4397588,0.153721243,45,0.913897652,186,0.328528536,-4.769150597,1.046830393,3896.592726,3168.592726,2986.592726,2440.592726,2076.592726,6050.780153,4590.780153,4225.780153,3130.780153,2442.802994,NA,NA,NA,NA,2249.693767,0,0,0,0,0,9,0,0,58,106,159,192,29,260,130,130,365,130,21.40985015,34.4936819,NA,NA,NA,NA,2,FALSE,2
696,862,Argentina,N,226,NA,NA,Wheat,Winter,Winter Wheat,127,7-May,233,21-Aug,180,107,304,31-Oct,22,22-Jan,345.5,84,Avg GMu,,NA,Wheat.Winter,226,165.5,-34.42373951,-61.75575303,60174.53435,-8.054645953,16.62046733,70.2292453,9.819010997,28.10192144,23.64466617,115.5218939,7,8,1,3,9.869094786,30.72622587,0.475850348,10.80082388,91.62954107,0.446072185,228,0.891258131,75,0.809602025,-4.22290684,0.6021053,2436.555158,1772.555158,1606.555158,1108.555158,779.5133977,6055.215063,4595.215063,4230.215063,3135.215063,2409.741795,NA,NA,NA,NA,0,0,0,21,59,93,113,0,0,36,92,153,191,336,365,336,336,365,336,14.67804312,59.3320023,NA,NA,NA,NA,2,TRUE,2X
1285,1559,South Australia,S,202,254,NA,Barley,Winter,Barley,121,1-May,212,31-Jul,166.5,92,305,1-Nov,31,31-Jan,350.5,92,FAS Australia,,NA,Barley.Winter,254,184,-34.14739736,138.2332002,10764.35301,-1.578912056,16.23230331,32.82646205,10.20848212,15.79551086,22.47368138,51.49921243,7,1,2,7,10.86955473,44.7778497,0.518159315,10.80920215,96.30042408,0.078937715,16,1.185273705,188,1.092461757,-3.681199667,1.325009586,2579.297563,1843.297563,1659.297563,1107.297563,739.2975635,5913.326225,4453.326225,4088.326225,2993.326225,2263.326225,NA,NA,NA,NA,NA,0,0,0,77,115,137,0,0,0,91,160,200,132,365,132,132,365,132,14.01792154,39.0031506,NA,NA,NA,NA,2,TRUE,2X
533,632,Uruguay,N,232,NA,NA,Potatoes,,Potato,192,11-Jul,262,19-Sep,227,71,313,9-Nov,50,19-Feb,364,103,GIEWS,,NA,Potatoes,232,137,-34.10713873,-56.34992673,95.37041526,-3.808286311,17.15828533,91.56465706,11.15720112,81.68545274,23.69734401,105.2284339,7,12,1,2,12.06926628,82.59472597,0.491402897,11.70491741,128.2166669,0.432618452,350,2.167931205,175,1.355069295,-3.718247656,0.955330538,2357.546398,1809.546398,1672.546398,1261.546398,987.5463984,6251.678055,4791.678055,4426.678055,3331.678055,2601.678055,NA,NA,NA,NA,NA,0,0,0,0,46,69,0,0,0,64,144,186,311,365,311,311,365,311,17.20836787,90.34411788,NA,NA,NA,NA,2,FALSE,2
1286,1560,South Australia,S,202,254,NA,Oats,Winter,Oats,91,1-Apr,181,30-Jun,136,91,305,1-Nov,31,31-Jan,350.5,92,FAS Australia,,NA,Oats.Winter,254,214.5,-34.08404682,137.959401,1367.008354,-1.669530592,16.26656708,32.89363166,10.29786506,15.47494711,22.44004334,52.33923466,7,1,2,7,13.40032102,45.03952409,0.541979414,11.2248028,115.7075836,0.07738266,16,1.19120138,188,0.819402895,-3.640937069,1.332985608,2970.583511,2110.583511,1895.583511,1250.583511,820.5835109,5925.951253,4465.951253,4100.951253,3005.951253,2275.951253,NA,NA,NA,NA,NA,0,0,0,89,145,167,0,0,0,89,159,199,132,365,132,132,365,132,13.81666749,39.99562209,NA,NA,NA,NA,2,TRUE,2X
1284,1558,South Australia,S,202,254,NA,Wheat,,Wheat,91,1-Apr,181,30-Jun,136,91,305,1-Nov,31,31-Jan,350.5,92,FAS Australia,,NA,Wheat,254,214.5,-33.87236313,137.5285735,16802.06936,-1.69362572,16.37228698,32.29492692,10.41266115,14.77318412,22.50934193,52.09626658,7,1,2,7,13.52707318,44.36661044,0.550462885,11.23657289,117.3886551,0.073587281,16,1.160304789,189,0.792302257,-3.630086923,1.34119299,2994.902595,2134.902595,1919.902595,1274.902595,844.9025955,5964.590455,4504.590455,4139.590455,3044.590455,2314.590455,NA,NA,NA,NA,NA,0,0,0,85,143,166,0,0,0,85,156,197,130,365,130,130,365,130,13.92977951,39.36885503,NA,NA,NA,NA,2,TRUE,2X
92,114,Chile,N,219,NA,NA,Maize,,Maize,253,10-Sep,353,19-Dec,303,101,40,9-Feb,140,20-May,90,101,GIEWS,,NA,Maize,219,152,-33.777927,-71.30295419,915.3518585,-6.677571824,12.87889708,50.69469207,8.002067771,5.800733595,18.39286444,138.3482175,7,1,1,7,13.60636806,21.90106749,0.644627535,14.28449351,263.3313791,0.030149237,16,3.858768297,174,0.155615932,-3.170214778,1.741251081,2527.174424,1919.174424,1767.174424,1311.174424,1007.174424,4691.928375,3231.928375,2866.928375,1771.928375,1189.413446,NA,NA,NA,NA,1104.68037,0,0,0,0,26,78,0,0,115,168,239,291,39,251,153,153,365,153,16.62614753,11.05676485,NA,NA,NA,NA,2,FALSE,2
21,25,Argentina,N,226,NA,NA,Millet,,Millet,254,11-Sep,349,15-Dec,301.5,96,349,15-Dec,141,21-May,62.5,158,GIEWS,,NA,Millet,226,126,-33.63743118,-62.07843895,267.1168935,-7.984627349,17.06813929,70.24041656,10.25578674,27.63551626,23.97673706,115.3069424,7,8,1,3,18.45074825,87.63588109,0.617192353,14.224935,255.2856192,0.418386084,228,0.872505418,75,0.574146693,-4.210436057,0.585538686,2802.157703,2298.157703,2172.157703,1794.157703,1542.157703,6218.798277,4758.798277,4393.798277,3298.798277,2568.798277,NA,NA,NA,NA,NA,0,0,0,0,0,0,0,0,0,81,144,181,319,365,319,319,365,319,22.23934685,99.51075108,NA,NA,NA,NA,2,FALSE,2
1398,1681,Argentina,N,226,NA,NA,Oats,Winter,Oats,182,1-Jul,223,11-Aug,202.5,42,305,1-Nov,365,31-Dec,335,61,Crop Explorer,,NA,Oats.Winter,226,132.5,-33.63578182,-62.07655593,2990.386496,-7.98298988,17.06922907,70.25874378,10.25727712,27.65501925,23.97728761,115.3120021,7,8,1,3,10.52897241,28.24815007,0.531789214,11.1363128,110.5525139,0.41865521,228,0.872541639,75,0.588005494,-4.210193059,0.585696514,2058.741957,1526.741957,1393.741957,994.7419567,728.7419567,6219.196679,4759.196679,4394.196679,3299.196679,2569.196679,NA,NA,NA,NA,NA,0,0,0,29,65,85,0,0,0,81,144,181,319,365,319,319,365,319,15.47926283,60.90800574,NA,NA,NA,NA,2,TRUE,2X
558,664,Argentina,N,226,NA,NA,Groundnuts,,Peanut,269,26-Sep,364,30-Dec,316.5,96,58,27-Feb,179,28-Jun,118.5,122,MWCACP Updates,,NA,Groundnuts,226,167,-33.58918043,-63.8543071,2658.569067,-8.160098618,17.21843513,64.42168107,10.09770232,16.5269317,24.04166946,116.829676,7,7,1,12,20.41075148,99.18800496,0.651013744,14.70292038,279.8412581,0.256296581,227,0.824011018,75,0.567646495,-4.275025711,0.43819297,3596.331801,2928.331801,2761.331801,2260.331801,1926.331801,6273.629586,4813.629586,4448.629586,3353.629586,2623.629586,NA,NA,NA,NA,NA,0,0,0,0,0,10,0,0,0,79,140,177,219,365,219,219,365,219,21.53492096,95.79702534,NA,NA,NA,NA,2,FALSE,2
530,629,Uruguay,N,232,NA,NA,Maize,,Maize,213,1-Aug,365,31-Dec,289,153,80,21-Mar,131,11-May,105.5,52,GIEWS,,NA,Maize,232,181.5,-33.57481283,-57.00182702,526.2089101,-4.19244414,17.45563587,92.27952733,11.36259952,78.38188744,24.1221138,113.8616711,7,6,1,3,16.82950491,100.826675,0.573044814,13.78592282,229.4647105,0.465941101,349,1.975109688,176,0.764457937,-3.829320152,0.905027884,3886.430928,3158.430928,2976.430928,2430.430928,2066.430928,6360.242401,4900.242401,4535.242401,3440.242401,2710.242401,NA,NA,NA,NA,NA,0,0,0,0,0,2,0,0,0,54,138,180,331,365,331,331,365,331,21.35401609,99.72777883,NA,NA,NA,NA,2,FALSE,2
532,631,Uruguay,N,232,NA,NA,Sorghum,,Sorghum,274,1-Oct,353,19-Dec,313.5,80,81,22-Mar,151,31-May,116,71,GIEWS,,NA,Sorghum,232,167.5,-33.50677305,-57.23594018,254.2602242,-4.148567857,17.52322209,91.55817356,11.40196621,75.76585843,24.19170188,115.616452,7,6,1,3,19.30335874,91.09358269,0.589510245,14.60636947,261.9928014,0.472059626,349,1.900202607,176,0.568089642,-3.845756327,0.889169771,3635.931604,2963.931604,2795.931604,2291.931604,1955.931604,6384.926957,4924.926957,4559.926957,3464.926957,2734.926957,NA,NA,NA,NA,NA,0,0,0,0,0,5,0,0,0,53,136,178,335,365,335,335,365,335,21.64245002,100.0532642,NA,NA,NA,NA,2,FALSE,2
529,628,Uruguay,N,232,NA,NA,Barley,Winter,Barley,161,10-Jun,202,21-Jul,181.5,42,313,9-Nov,18,18-Jan,348,71,GIEWS,Not sure if this should really be classified as Winter,NA,Barley.Winter,232,166.5,-33.33315095,-57.61286815,995.9030444,-4.403296187,17.62753634,91.02995045,11.44553059,72.46585947,24.4090956,119.3982179,7,6,1,3,11.54280949,73.38890522,0.454626604,10.88766519,93.44501222,0.481109162,349,1.796014049,174,1.777698914,-3.915140736,0.864558191,2628.196137,1960.196137,1793.196137,1292.196137,958.1961372,6422.958341,4962.958341,4597.958341,3502.958341,2772.958341,NA,NA,NA,NA,NA,0,0,0,32,84,106,0,0,0,51,134,176,342,365,342,342,365,342,15.73770142,85.49445447,NA,NA,NA,NA,2,TRUE,2X
528,627,Uruguay,N,232,NA,NA,Wheat,Winter,Wheat,121,1-May,243,31-Aug,182,123,313,9-Nov,8,8-Jan,343,61,GIEWS,,NA,Wheat.Winter,232,161,-33.22146454,-57.63621091,1671.605358,-4.677205317,17.68421308,91.86929059,11.48040679,72.8151733,24.54847917,120.9139295,7,6,1,3,11.55691283,73.96612313,0.456108976,10.89875125,94.06446599,0.488676335,349,1.796757588,174,1.777177001,-3.95288979,0.862294011,2508.562665,1864.562665,1703.562665,1220.562665,898.5626653,6443.587908,4983.587908,4618.587908,3523.587908,2793.587908,NA,NA,NA,NA,NA,0,0,0,30,83,105,0,0,0,50,134,175,349,365,349,349,365,349,15.58113457,85.73541675,NA,NA,NA,NA,2,TRUE,2X
534,633,Uruguay,N,232,NA,NA,Sweet.Potatoes,,Sweet Potato,222,10-Aug,263,20-Sep,242.5,42,344,10-Dec,18,18-Jan,363.5,40,GIEWS,,NA,Sweet.Potatoes,232,121,-33.18922595,-56.65661253,62.56115297,-4.267912388,17.61742069,95.77754094,11.59495305,83.11930544,24.22685693,115.5726605,7,8,1,3,13.48241216,88.84792874,0.507134637,12.19623433,152.6043155,0.472179365,349,2.066092981,175,1.146159204,-3.79282228,0.919714851,2225.043979,1741.043979,1620.043979,1257.043979,1015.043979,6419.41232,4959.41232,4594.41232,3499.41232,2769.41232,NA,NA,NA,NA,NA,0,0,0,0,23,46,0,0,0,45,133,176,340,365,340,340,365,340,18.38879321,95.41926969,NA,NA,NA,NA,2,FALSE,2
694,860,Argentina,N,226,NA,NA,Maize,,Corn,252,9-Sep,340,6-Dec,296,89,60,1-Mar,150,30-May,105,91,Avg GMu,,NA,Maize,226,174,-33.1240612,-61.96391673,28001.50712,-7.695875703,17.31579219,73.64225957,10.59792283,28.17788885,24.09431291,121.6796726,7,8,1,3,18.12549242,91.30557029,0.606103468,14.00851364,246.4172924,0.415649163,228,0.911174476,75,0.624863392,-4.138879599,0.565625427,3761.780449,3065.780449,2891.780449,2369.780449,2021.780449,6309.363705,4849.363705,4484.363705,3389.363705,2659.363705,NA,NA,NA,NA,NA,0,0,0,0,0,0,0,0,0,74,138,177,318,365,318,318,365,318,21.61942787,104.8105535,NA,NA,NA,NA,2,FALSE,2
1270,1544,New South Wales,S,202,251,NA,Maize,,Corn,244,1-Sep,31,31-Jan,320,153,1,1-Jan,212,31-Jul,106.5,212,FAS Australia,,NA,Maize,251,151.5,-32.98232368,147.3929585,314.3047201,-4.782429335,16.78690872,47.15056035,8.817304055,38.24734409,24.35047021,61.0004728,7,6,1,1,19.94555836,44.07384277,0.659807991,14.75376605,285.3337016,0.244688714,341,0.924841096,183,0.249369714,-4.768797742,0.908286407,3374.573372,2766.573372,2614.573372,2158.573372,1854.573372,6113.417466,4653.417466,4288.417466,3193.417466,2499.397869,NA,NA,NA,NA,2033.575119,0,0,0,0,0,2,0,0,56,102,154,186,77,309,133,133,365,133,22.2011406,50.83097028,NA,NA,NA,NA,2,FALSE,2
1275,1549,New South Wales,S,202,251,NA,Millet,,Broom Millet,244,1-Sep,334,30-Nov,289,91,1,1-Jan,151,31-May,76,151,FAS Australia,,NA,Millet,251,152,-32.72959608,147.853435,39.41328538,-4.847749273,16.59331864,52.2128169,8.753440311,40.56994396,23.96479406,69.6269959,7,9,1,1,16.66610172,58.52035174,0.649722972,13.7503207,247.1701375,0.274876354,349,0.989402572,179,0.414449538,-4.664376997,0.882474137,3305.589383,2697.589383,2545.589383,2089.589383,1785.589383,6043.11992,4583.11992,4218.11992,3123.11992,2432.280572,NA,NA,NA,NA,2231.766614,0,0,0,0,0,3,0,0,58,103,156,188,85,307,143,143,365,143,21.74729857,58.50515079,NA,NA,NA,NA,2,FALSE,2
1269,1543,New South Wales,S,202,251,NA,Barley,Winter,Barley,121,1-May,151,31-May,136,31,274,1-Oct,365,31-Dec,319.5,92,FAS Australia,,NA,Barley.Winter,251,183.5,-32.5731102,147.5181874,7010.219935,-5.266520475,16.77450659,47.24643883,8.714628931,36.45729949,24.38568851,64.11009052,7,6,1,1,12.79441607,48.35896695,0.574016852,11.30782991,124.6148016,0.246360536,349,0.903608899,190,0.823797363,-4.821507678,0.894547153,2302.844294,1566.844294,1382.844294,830.8442939,504.0994744,6108.858013,4648.858013,4283.858013,3188.858013,2500.113194,NA,NA,NA,NA,37.50864116,0,0,59,103,138,154,0,0,59,103,154,185,72,306,131,131,365,131,12.51545812,44.33868026,NA,NA,NA,NA,2,TRUE,2X
536,635,Uruguay,N,232,NA,NA,Soybeans,,Soybean,274,1-Oct,353,19-Dec,313.5,80,81,22-Mar,141,21-May,111,61,GIEWS,,NA,Soybeans,232,162.5,-32.51967752,-56.25234561,225.7167503,-4.581118763,17.87124006,101.1901875,11.94208261,88.58654236,24.45297167,121.0165518,7,8,1,3,19.59299305,102.2456112,0.591017697,14.53361765,262.6702091,0.477443119,350,2.179402477,169,0.631748844,-3.75647723,0.933489975,3590.959419,2938.959419,2775.959419,2286.959419,1960.959419,6512.231702,5052.231702,4687.231702,3592.231702,2862.231702,NA,NA,NA,NA,NA,0,0,0,0,0,0,0,0,0,32,127,170,349,365,349,349,365,349,22.03042588,107.1440312,NA,NA,NA,NA,2,FALSE,2
531,630,Uruguay,N,232,NA,NA,Rice,,Rice,274,1-Oct,353,19-Dec,313.5,80,70,11-Mar,151,31-May,110.5,82,GIEWS,,NA,Rice,232,162,-32.48622662,-54.91422659,1472.811037,-4.061814405,17.80830752,105.6996569,12.14326373,88.69609417,23.98757674,118.5986392,7,12,1,2,19.26117278,100.9205253,0.574129894,14.53119007,258.5878433,0.467120949,350,2.474419087,178,0.637116696,-3.53363902,0.993588549,3532.70874,2884.70874,2722.70874,2236.70874,1912.70874,6489.542166,5029.542166,4664.542166,3569.542166,2839.542166,NA,NA,NA,NA,NA,0,0,0,0,0,0,0,0,0,0,125,170,346,365,346,346,365,346,21.80684407,105.7072209,NA,NA,NA,NA,2,FALSE,2
1271,1545,New South Wales,S,202,251,NA,Oats,Winter,Oats,60,1-Mar,151,31-May,105.5,92,274,1-Oct,365,31-Dec,319.5,92,FAS Australia,,NA,Oats.Winter,251,214,-32.48457313,147.6181474,2400.053706,-5.320640011,16.78524974,47.90410211,8.721710113,36.89185264,24.38705195,65.50669402,7,6,1,1,16.98280454,42.14777538,0.647150316,12.10224043,173.1095205,0.249619456,349,0.90482702,190,0.444138034,-4.820896985,0.889068298,2749.562353,1893.562353,1679.562353,1037.562353,650.2780137,6112.804967,4652.804967,4287.804967,3192.804967,2503.527781,NA,NA,NA,NA,186.7615735,0,0,59,103,154,185,0,0,58,102,154,185,71,306,130,130,365,130,12.84842221,44.77914795,NA,NA,NA,NA,2,TRUE,2X
1299,1573,Western Australia,S,202,255,NA,Barley,Winter,Barley,91,1-Apr,181,30-Jun,136,91,305,1-Nov,365,31-Dec,335,61,FAS Australia,,NA,Barley.Winter,255,199,-32.42723027,118.6025245,9496.941085,-1.226042892,16.98264798,34.53271838,10.89395673,14.26532639,23.41214909,66.38202398,7,12,1,6,14.23735643,51.84395889,0.519878347,11.31572904,118.7782408,0.071460825,350,1.48734296,166,0.886438536,-3.714777977,1.410594432,2748.10722,1952.10722,1753.10722,1156.10722,758.1072199,6186.923745,4726.923745,4361.923745,3266.923745,2536.923745,NA,NA,NA,NA,NA,0,0,0,72,142,164,0,0,0,72,149,188,127,365,127,127,365,127,13.80958402,43.93535891,NA,NA,NA,NA,2,TRUE,2X
553,659,Argentina,N,226,NA,NA,Soybeans,,Soybean,303,30-Oct,364,30-Dec,333.5,62,89,30-Mar,150,30-May,119.5,62,MWCACP Updates,,NA,Soybeans,226,151,-32.42097897,-61.87204761,90882.60333,-7.452937772,17.78879829,75.53681597,11.15266597,26.79093039,24.49985714,128.698293,7,8,1,3,22.03345407,107.4075723,0.640222005,15.01743398,289.9147764,0.381350493,228,0.948358619,75,0.57290912,-4.095280254,0.547225156,3317.831025,2713.831025,2562.831025,2109.831025,1807.831025,6482.15248,5022.15248,4657.15248,3562.15248,2832.15248,NA,NA,NA,NA,NA,0,0,0,0,0,6,0,0,0,57,128,167,309,365,309,309,365,309,21.97239089,107.4945618,NA,NA,NA,NA,2,FALSE,2
1268,1542,New South Wales,S,202,251,NA,Wheat,,Wheat,91,1-Apr,181,30-Jun,136,91,311,7-Nov,31,31-Jan,353.5,86,FAS Australia,,NA,Wheat,251,217.5,-32.35793077,147.5898436,34405.21692,-5.418305821,16.90324326,47.14859633,8.766255384,36.08593983,24.56441386,65.04143655,7,6,1,1,12.87018955,47.83268014,0.582677254,11.31947455,126.3863607,0.241933416,349,0.880712016,191,0.801168101,-4.868337974,0.886767832,3063.877552,2191.877552,1973.877552,1319.877552,921.8461587,6155.78494,4695.78494,4330.78494,3235.78494,2543.753546,NA,NA,NA,NA,39.39559117,0,0,57,101,137,153,0,0,57,101,152,183,128,365,128,128,365,128,14.05448418,44.50065808,NA,NA,NA,NA,2,TRUE,2X
1301,1575,Western Australia,S,202,255,NA,Oats,Winter,Oats,91,1-Apr,181,30-Jun,136,91,305,1-Nov,365,31-Dec,335,61,FAS Australia,,NA,Oats.Winter,255,199,-31.42483523,117.4333316,2508.094576,-1.224646128,17.85244017,33.98003365,11.38700279,11.63467294,24.74321455,73.83847128,7,12,1,6,14.91370937,53.81287922,0.547025442,11.36948405,125.3723839,0.055546696,350,1.532816303,166,0.85341958,-3.980516504,1.485340557,2871.539216,2075.539216,1876.539216,1279.539216,881.5392163,6503.383311,5043.383311,4678.383311,3583.383311,2853.383311,NA,NA,NA,NA,NA,0,0,0,51,136,156,0,0,0,51,137,173,122,365,122,122,365,122,14.42984531,44.26737855,NA,NA,NA,NA,2,TRUE,2X
1305,1579,Western Australia,S,202,255,NA,Millet,,Broom Millet,274,1-Oct,334,30-Nov,304,61,91,1-Apr,120,30-Apr,105.5,30,FAS Australia,,NA,Millet,255,166.5,-31.32645414,118.1052394,7.79914539,-0.140594453,17.52846603,42.61235182,11.87120626,18.31333271,23.4979964,78.16772387,7,12,1,6,17.88188536,28.36823084,0.627891428,14.16887615,262.3554553,0.093548719,349,1.60764782,166,0.182451357,-3.450246877,1.330054018,3587.687442,2919.687442,2752.687442,2251.687442,1917.687442,6387.020323,4927.020323,4562.020323,3467.020323,2737.020323,NA,NA,NA,NA,NA,0,0,0,0,0,0,0,0,0,13,134,177,133,365,133,133,365,133,21.48315834,28.5784455,NA,NA,NA,NA,2,FALSE,2
1298,1572,Western Australia,S,202,255,NA,Wheat,,Wheat,121,1-May,181,30-Jun,151,61,305,1-Nov,31,31-Jan,350.5,92,FAS Australia,,NA,Wheat,255,199.5,-31.31357473,117.2934255,45972.45825,-1.277688132,17.96055597,33.4697833,11.39830938,11.21370387,24.97380005,73.86652327,7,12,1,6,13.74927748,63.60812678,0.531880993,11.13301868,113.0171004,0.053107782,350,1.523288142,166,1.174912853,-4.05303919,1.494975658,3024.43525,2224.43525,2024.43525,1424.43525,1024.43525,6542.637238,5082.637238,4717.637238,3622.637238,2892.637238,NA,NA,NA,NA,NA,0,0,0,49,120,140,0,0,0,49,136,171,120,365,120,120,365,120,15.12217625,40.05624638,NA,NA,NA,NA,2,TRUE,2X
552,658,Argentina,N,226,NA,NA,Sorghum,,Sorghum,280,7-Oct,365,31-Dec,322.5,86,92,2-Apr,209,28-Jul,150.5,118,MWCACP Updates,,NA,Sorghum,226,193,-31.12773247,-61.89095242,6498.918793,-6.905148769,18.77345579,75.66843527,12.23814311,24.20717967,25.27537942,130.642602,7,7,1,3,22.12060197,104.5117985,0.655859628,14.66902656,286.3286803,0.322541336,227,0.928518044,75,0.56432878,-4.018667325,0.535724917,4181.687562,3409.687562,3216.687562,2637.687562,2251.687562,6841.850598,5381.850598,5016.850598,3921.850598,3191.850598,NA,NA,NA,NA,NA,0,0,0,0,9,28,0,0,0,0,105,146,282,365,282,282,365,282,21.66677493,99.76569434,NA,NA,NA,NA,2,FALSE,2
1274,1548,New South Wales,S,202,251,NA,Cotton,,Cotton,274,1-Oct,334,30-Nov,304,61,60,1-Mar,151,31-May,105.5,92,FAS Australia,,NA,Cotton,251,166.5,-30.58486828,149.4980096,2684.761805,-6.696491365,17.05087971,56.14198761,8.881342344,37.77602759,24.44076605,90.85252158,7,6,1,1,18.8961913,61.65536379,0.663383057,14.12573042,271.1027623,0.335699524,336,0.849637471,195,0.375960946,-4.810206361,0.78067384,3705.528103,3037.528103,2870.528103,2369.528103,2035.528103,6210.17848,4750.17848,4385.17848,3290.17848,2589.756017,NA,NA,NA,NA,2237.839439,0,0,0,0,0,0,0,0,53,96,148,177,73,313,125,125,365,125,22.18879104,67.19974462,NA,NA,NA,NA,2,FALSE,2
449,532,South Africa,N,227,NA,NA,Barley,Winter,Barley,100,10-Apr,172,21-Jun,136,73,283,10-Oct,353,19-Dec,318,71,GIEWS,,NA,Barley.Winter,227,182,-30.48096544,23.26230371,866.0231512,-6.572627583,16.81375819,30.18860985,9.880992664,13.76686973,23.11690172,51.2613584,7,7,1,3,13.09334752,19.09788136,0.747017691,11.41930726,153.2798353,0.133267487,258,0.344461641,96,0.262065343,-4.092681334,0.655512591,2423.115915,1695.115915,1513.115915,967.1159148,604.4250343,6126.073906,4666.073906,4301.073906,3206.073906,2477.383025,NA,NA,NA,NA,47.71568317,0,0,22,85,125,149,0,0,22,85,141,181,0,343,0,0,365,0,13.31382371,19.74701035,NA,NA,NA,NA,2,TRUE,2X
1272,1546,New South Wales,S,202,251,NA,Sorghum,,Sorghum,244,1-Sep,31,31-Jan,320,153,60,1-Mar,181,30-Jun,120.5,122,FAS Australia,,NA,Sorghum,251,165.5,-30.40669677,150.2798698,1391.787761,-6.923968331,16.726989,60.89823777,8.683509743,41.10035443,23.94319651,100.5807851,7,6,1,1,20.05515061,67.27469324,0.644112012,14.55256449,281.4150434,0.38254571,330,0.900444773,192,0.384083172,-4.706219745,0.766953336,3565.456782,2901.456782,2735.456782,2237.456782,1905.456782,6092.259014,4632.259014,4267.259014,3172.259014,2482.394248,NA,NA,NA,NA,2005.256285,0,0,0,0,0,15,0,0,58,101,151,182,97,306,156,156,365,156,21.47865531,72.08906837,NA,NA,NA,NA,2,FALSE,2
450,533,South Africa (West),S,227,-1,NA,Maize,,Maize,335,1-Dec,31,31-Jan,0.5,62,152,1-Jun,181,30-Jun,166.5,30,GIEWS,,NA,Maize,-1,166,-30.26535288,22.72295389,207.9970884,-5.139168167,18.13322476,34.86892554,10.89340224,20.60762944,24.65993743,53.70346139,7,9,1,2,24.1086596,39.73071894,0.776231348,14.97314745,329.2763099,0.15964436,349,0.432415887,166,0.18032311,-4.243927363,0.80060301,3258.537543,2594.537543,2428.537543,1930.537543,1598.537543,6607.5502,5147.5502,4782.5502,3687.5502,2957.5502,NA,NA,NA,NA,NA,0,0,0,9,36,52,0,0,0,57,119,155,0,365,0,0,365,0,19.62974423,42.03211476,NA,NA,NA,NA,2,FALSE,2
695,861,Argentina,N,226,NA,NA,Rice,,Rice,242,30-Aug,349,15-Dec,295.5,108,59,28-Feb,175,24-Jun,117,117,Avg GMu,,NA,Rice,226,186.5,-30.24331628,-59.01373421,1911.658705,-4.673566506,19.59675642,99.24380187,13.64754518,50.35522492,25.93196616,146.8692813,7,7,1,3,20.12179472,116.6383021,0.623851769,13.8511707,252.6272477,0.586239367,352,1.207936539,114,0.745658568,-3.780338234,0.748154466,4342.597485,3594.597485,3407.597485,2846.597485,2472.597485,7142.564966,5682.564966,5317.564966,4222.564966,3492.564966,NA,NA,NA,NA,NA,0,0,0,0,0,0,0,0,0,0,79,131,365,365,365,365,365,365,23.22244644,124.4421165,NA,NA,NA,NA,2,FALSE,2
306,357,Lesotho,N,230,NA,NA,Sorghum,,Sorghum,305,1-Nov,365,31-Dec,335,61,137,17-May,181,30-Jun,159,45,GIEWS,,NA,Sorghum,230,189,-29.55769614,27.92039944,252.1593457,-10.81388298,12.88294758,63.71909498,6.405267614,13.73058053,18.52637809,118.5393382,6,7,1,1,16.45359334,93.17883113,0.643068186,14.78747363,289.9487387,0.232071485,197,0.810850083,75,0.55538238,-3.57606743,0.473089935,2766.371789,2010.371789,1821.371789,1260.165388,927.682839,4693.246307,3233.246307,2868.246307,1842.927749,1298.449865,NA,NA,NA,1260.165388,927.682839,0,0,33,51,76,116,0,0,112,145,224,292,208,254,211,211,365,211,14.63688777,82.42827963,NA,NA,NA,NA,2,FALSE,2
304,355,Lesotho,N,230,NA,NA,Wheat,Winter,Wheat,121,1-May,151,31-May,136,31,305,1-Nov,334,30-Nov,319.5,30,GIEWS,,NA,Wheat.Winter,230,183.5,-29.54051152,28.29168289,171.5570719,-11.46816758,11.54035661,68.36321606,5.258394639,14.57948169,16.99704085,127.8457329,6,7,1,1,7.835453432,28.08482253,0.739683283,11.46823723,156.1109123,0.257521125,196,0.870803363,75,0.439240414,-3.453721379,0.455040394,1639.612312,903.6123115,719.6123115,333.8522595,172.9142958,4203.427288,2743.427288,2378.427288,1449.81095,950.4251181,NA,NA,NA,0,0,0,0,112,138,184,184,0,0,134,178,270,365,223,365,223,223,365,223,8.910936476,40.3323079,NA,NA,NA,NA,2,TRUE,2X
305,356,Lesotho,N,230,NA,NA,Maize,,Maize,274,1-Oct,365,31-Dec,319.5,92,121,1-May,181,30-Jun,151,61,GIEWS,,NA,Maize,230,196.5,-29.42981599,28.04248949,1136.396619,-11.05764741,12.62953064,64.80089698,6.153314776,13.30963908,18.21545802,121.6994246,6,7,1,1,15.37041203,91.35946635,0.630950127,14.46823942,277.6566763,0.226175512,197,0.823845787,75,0.583910805,-3.558052218,0.462988358,2906.254856,2118.254856,1921.254856,1332.163257,972.9528722,4600.799002,3140.799002,2775.799002,1768.52913,1232.756673,NA,NA,NA,1332.163257,972.9528722,0,0,27,46,71,135,0,0,115,150,231,304,208,250,213,213,365,213,14.75256272,86.94471606,NA,NA,NA,NA,2,FALSE,2
451,535,South Africa,N,227,NA,NA,Rice,,Rice,253,10-Sep,354,20-Dec,303.5,102,100,10-Apr,171,20-Jun,135.5,72,GIEWS,,NA,Rice,227,197,-28.44371911,26.66404816,13.2443967,-4.662244205,17.32283509,51.13740411,11.05270267,17.08986584,22.41902103,91.75613372,7,7,1,1,19.18057895,66.57301399,0.663255214,13.99238741,271.6155841,0.240881306,258,0.48435805,16,0.402103096,-3.474229237,0.528723232,3961.133368,3173.133368,2976.133368,2385.133368,1991.133368,6313.827568,4853.827568,4488.827568,3393.827568,2663.827568,NA,NA,NA,NA,NA,0,0,0,0,8,26,0,0,0,53,119,160,0,311,0,0,365,0,20.10727598,69.32509056,NA,NA,NA,NA,2,FALSE,2
454,538,South Africa,N,227,NA,NA,Soybeans,,Soybean,284,11-Oct,353,19-Dec,318.5,70,100,10-Apr,171,20-Jun,135.5,72,GIEWS,,NA,Soybeans,227,182,-28.44266376,26.66746644,1119.636563,-4.656185258,17.32606936,51.1450509,11.05701806,17.09478607,22.4215804,91.7835496,7,7,1,1,20.04250468,74.98859872,0.650742431,14.37442241,281.6316926,0.240957429,258,0.484500932,16,0.427584174,-3.473585282,0.528734217,3667.501511,2939.501511,2757.501511,2211.501511,1847.501511,6315.009248,4855.009248,4490.009248,3395.009248,2665.009248,NA,NA,NA,NA,NA,0,0,0,0,8,26,0,0,0,53,119,160,0,365,0,0,365,0,20.1511072,69.21693287,NA,NA,NA,NA,2,FALSE,2
698,864,South Africa (except Western Cape),S,227,-1,NA,Wheat,Winter,Winter Wheat,117,27-Apr,187,6-Jul,152,71,272,29-Sep,350,16-Dec,311,79,Avg GMu,"MWCACP: Earlier crop development in Western Cape. GIEWS doesn't make any geographical qualifications, but I assume that its data also do not apply to the Western Cape (see README file).",NA,Wheat.Winter,-1,159,-28.42901385,26.68412004,5157.331524,-8.08499411,16.32593266,47.70014924,8.794861392,8.633422872,22.54460346,90.87474593,6,7,1,1,10.36191971,14.38206665,0.803738503,11.30072878,154.7562776,0.128174874,197,0.506539195,75,0.213642065,-4.206173933,0.435310702,2048.142321,1412.142321,1253.142321,776.1423209,507.8867957,5948.578842,4488.578842,4123.578842,3028.578842,2348.323316,NA,NA,NA,NA,0.582061825,0,0,55,80,104,127,0,0,55,95,143,182,9,365,9,9,365,9,12.88139824,25.0814006,NA,NA,NA,NA,2,TRUE,2X
452,536,South Africa,N,227,NA,NA,Millet,,Millet,233,21-Aug,354,20-Dec,293.5,122,100,10-Apr,202,21-Jul,151,103,GIEWS,,NA,Millet,227,222.5,-28.42318756,26.67010492,203.4041407,-4.647192671,17.34289091,51.08833369,11.07085798,17.03132582,22.43764866,91.77899102,7,7,1,1,18.63206688,60.87803901,0.671625809,13.71142295,262.7078262,0.240039384,258,0.484341769,16,0.386045117,-3.47452406,0.527996816,4367.213479,3475.213479,3252.213479,2583.213479,2137.213479,6321.150584,4861.150584,4496.150584,3401.150584,2671.150584,NA,NA,NA,NA,NA,0,0,0,0,24,42,0,0,0,53,119,160,0,365,0,0,365,0,19.58391695,65.74578391,NA,NA,NA,NA,2,FALSE,2
565,677,Brazil (Rio Grande do Sul),S,174,1288,NA,Wheat,Winter,Winter Wheat,119,29-Apr,180,29-Jun,149.5,62,270,27-Sep,364,30-Dec,317,95,MWCACP Updates,,NA,Wheat.Winter,1288,167.5,-28.3129202,-53.47385524,6663.496967,-3.977742711,19.5143664,142.4681471,14.43462898,125.0032191,24.44203984,174.6044292,7,3,1,9,15.69014277,137.5545265,0.498461409,11.33529548,120.0219609,0.734352636,350,2.586441163,167,2.221412356,-3.131883626,1.018750573,2817.539381,2145.539381,1977.539381,1473.539381,1137.539381,7114.030376,5654.030376,5289.030376,4194.030376,3464.030376,NA,NA,NA,NA,NA,0,0,0,0,49,108,0,0,0,0,48,125,365,365,365,365,365,365,16.77106774,151.8383336,NA,NA,NA,NA,2,TRUE,2X
556,662,Argentina,N,226,NA,NA,Cotton,,Cotton,246,3-Sep,333,29-Nov,289.5,88,47,16-Feb,179,28-Jun,113,133,MWCACP Updates,,NA,Cotton,226,188.5,-27.18125516,-60.84444261,4660.453437,-4.132949942,21.56092439,83.56087216,15.33531656,24.2776854,27.31942044,141.2699815,6,8,1,3,22.49714499,84.50594349,0.619688718,13.55125136,247.6587296,0.265177259,227,0.979211648,105,0.526573184,-3.760232878,0.561146592,4732.279554,3976.279554,3787.279554,3220.279554,2842.279554,7860.519635,6400.519635,6035.519635,4940.519635,4210.519635,NA,NA,NA,NA,NA,0,0,0,0,0,0,0,0,0,0,0,78,255,365,255,255,365,255,25.03851616,121.1469658,NA,NA,NA,NA,2,FALSE,2
697,863,South Africa (East),S,227,-1,NA,Maize,,Maize,271,28-Sep,365,31-Dec,318,95,115,25-Apr,193,12-Jul,154,79,Avg GMu,"MWCACP doesn't distinguish between east and west, but it looks like they're just presenting the calendar for the east",NA,Maize,-1,201,-27.07357981,27.50372784,30426.73242,-7.515461826,16.5537566,52.61299633,9.312247207,5.812789056,21.9896531,111.4284673,6,7,1,1,19.86903045,86.91398077,0.663240197,14.2694751,284.0250816,0.080170544,196,0.59890101,16,0.492981991,-3.850965665,0.364599645,3771.806841,2967.806841,2766.806841,2163.806841,1761.806841,6032.879257,4572.879257,4207.879257,3112.879257,2404.83163,NA,NA,NA,NA,1763.746716,0,0,0,12,38,55,0,0,42,83,134,172,94,322,94,94,365,94,18.76520816,71.89416761,NA,NA,NA,NA,2,FALSE,2
1277,1551,Queensland,S,202,253,NA,Barley,Winter,Barley,121,1-May,151,31-May,136,31,274,1-Oct,365,31-Dec,319.5,92,FAS Australia,,NA,Barley.Winter,253,183.5,-27.02993613,150.5671082,1891.367783,-4.310380094,19.02346211,58.81802152,11.31684302,31.66812071,25.284226,93.4755714,7,9,1,12,15.48455698,46.23934223,0.609148916,11.59573215,148.3706141,0.248187536,258,0.621142025,196,0.599164528,-4.357953463,0.66514539,2818.964819,2082.964819,1898.964819,1346.964819,978.9648195,6932.081439,5472.081439,5107.081439,4012.081439,3282.081439,NA,NA,NA,NA,NA,0,0,0,34,106,129,0,0,0,34,106,140,91,365,91,91,365,91,15.32046098,44.20821025,NA,NA,NA,NA,2,TRUE,2X
56,73,Brazil,N,174,NA,NA,Barley,Winter,Barley,131,11-May,202,21-Jul,166.5,72,284,11-Oct,355,21-Dec,319.5,72,GIEWS,,NA,Barley.Winter,174,153,-26.9214747,-52.02565961,1374.176975,-4.27872696,18.31899588,142.6284873,13.75442258,120.2821484,22.65820078,166.0735103,7,4,1,9,13.84700905,134.6681573,0.452332234,11.2997469,113.0529732,0.893162332,319,2.415336886,166,2.413437448,-2.789713604,0.945574636,2472.653338,1860.653338,1707.653338,1248.653338,942.6533379,6678.610699,5218.610699,4853.610699,3758.610699,3028.610699,NA,NA,NA,NA,NA,0,0,0,0,58,100,0,0,0,0,79,146,365,365,365,365,365,365,16.16113293,145.0160526,NA,NA,NA,NA,2,TRUE,2X
1283,1557,Queensland,S,202,253,NA,Millet,,Broom Millet,274,1-Oct,334,30-Nov,304,61,91,1-Apr,151,31-May,121,61,FAS Australia,,NA,Millet,253,182,-26.80919013,150.5113497,254.5114116,-4.126103804,19.2006601,58.70489107,11.53915926,31.11591744,25.39589707,94.43452755,7,9,1,12,21.46940973,66.60081968,0.673818911,13.91906773,275.1681783,0.241527768,258,0.601930219,196,0.379397702,-4.322201471,0.656508819,4243.107795,3515.107795,3333.107795,2787.107795,2423.107795,6996.884986,5536.884986,5171.884986,4076.884986,3346.884986,NA,NA,NA,NA,NA,0,0,0,0,0,0,0,0,0,23,102,137,95,365,95,95,365,95,23.31377909,75.63508961,NA,NA,NA,NA,2,FALSE,2
453,537,South Africa,N,227,NA,NA,Sorghum,,Sorghum,335,1-Dec,31,31-Jan,0.5,62,152,1-Jun,181,30-Jun,166.5,30,GIEWS,,NA,Sorghum,227,166,-26.77872491,28.07771326,1104.254758,-7.014670371,16.57058652,53.57587004,9.285809804,6.383454431,21.86368234,113.8801831,6,7,1,1,21.54715221,107.121421,0.635567912,14.66360118,289.7544329,0.087420582,196,0.619811849,15,0.574412997,-3.832227148,0.358942464,2901.892836,2237.892836,2071.892836,1573.892836,1244.540399,6039.005151,4579.005151,4214.005151,3119.005151,2412.029526,NA,NA,NA,NA,1244.540399,0,0,7,25,50,67,0,0,42,82,132,168,96,322,96,96,365,96,17.48128215,59.70323312,NA,NA,NA,NA,2,FALSE,2
474,558,Swaziland,N,229,NA,NA,Wheat,Winter,Wheat,121,1-May,151,31-May,136,31,305,1-Nov,334,30-Nov,319.5,30,GIEWS,,NA,Wheat.Winter,229,183.5,-26.69819934,31.40487051,2.026696536,0.660899367,19.32476883,73.15510286,14.62503181,11.21656832,22.98229622,147.6885128,6,6,1,1,17.20811771,24.80240413,0.73315255,11.61227024,166.3371552,0.148459691,166,0.851144855,16,0.276916396,-2.367800039,0.397905491,3176.960476,2440.960476,2256.960476,1704.960476,1336.960476,7046.790023,5586.790023,5221.790023,4126.790023,3396.790023,NA,NA,NA,NA,NA,0,0,0,0,36,95,0,0,0,0,36,95,200,365,200,200,365,200,17.26608955,43.01476879,NA,NA,NA,NA,4,TRUE,4X
476,560,Swaziland,N,229,NA,NA,Rice,,Rice,284,11-Oct,324,20-Nov,304,41,10,10-Jan,140,20-May,75,131,GIEWS,,NA,Rice,229,136,-26.69527733,31.40138669,0.455575346,0.628771962,19.3012798,73.34567062,14.60072579,11.23685638,22.95786932,148.1843473,6,6,1,1,20.15854223,107.6008371,0.537849989,13.91314182,243.1345505,0.14879351,166,0.854324433,16,0.706961807,-2.367952513,0.397587615,3003.043131,2459.043131,2323.043131,1915.043131,1643.043131,7038.218145,5578.218145,5213.218145,4118.218145,3388.218145,NA,NA,NA,NA,NA,0,0,0,0,0,0,0,0,0,0,38,95,200,365,200,200,365,200,22.08119949,125.7501052,NA,NA,NA,NA,4,FALSE,4
477,561,Swaziland,N,229,NA,NA,Sorghum,,Sorghum,335,1-Dec,365,31-Dec,350,31,152,1-Jun,181,30-Jun,166.5,30,GIEWS,,NA,Sorghum,229,181.5,-26.66513512,31.38615095,10.43106003,0.413833992,19.10611947,75.54202337,14.43344003,11.80716119,22.73071491,152.3757852,6,6,1,1,21.93520236,129.4914785,0.527579428,14.68135692,262.0027422,0.156677108,196,0.881269172,16,0.759053026,-2.349319875,0.397358384,3676.61937,2948.61937,2766.61937,2220.61937,1856.61937,6967.028046,5507.028046,5142.028046,4047.028046,3317.028046,NA,NA,NA,NA,NA,0,0,0,0,8,31,0,0,0,0,43,100,203,365,203,203,365,203,20.20120533,88.05408866,NA,NA,NA,NA,4,FALSE,4
475,559,Swaziland,N,229,NA,NA,Maize,,Maize,274,1-Oct,334,30-Nov,304,61,121,1-May,151,31-May,136,31,GIEWS,,NA,Maize,229,197,-26.63005867,31.39711205,713.8315012,0.594668932,19.28556877,74.84674116,14.58267671,11.39051656,22.94140778,151.8327759,6,6,1,1,20.14670744,109.2227051,0.538103034,13.9097566,243.2099815,0.150391927,166,0.875248826,16,0.717536891,-2.37194278,0.396047468,4190.486783,3402.486783,3205.486783,2614.486783,2220.486783,7032.472421,5572.472421,5207.472421,4112.472421,3382.472421,NA,NA,NA,NA,NA,0,0,0,0,0,0,0,0,0,0,38,96,201,365,201,201,365,201,21.27150651,106.9346109,NA,NA,NA,NA,4,FALSE,4
1282,1556,Queensland,S,202,253,NA,Cotton,,Cotton,274,1-Oct,365,31-Dec,319.5,92,60,1-Mar,181,30-Jun,120.5,122,FAS Australia,,NA,Cotton,253,166,-26.47373282,149.8952881,1344.055768,-4.212786304,19.40984718,57.10391646,11.60108658,28.98545815,25.74121498,93.24604457,7,9,1,1,23.09443916,67.94949033,0.674604034,14.26134465,287.6344489,0.221195498,258,0.566333118,196,0.358418508,-4.418901546,0.649980119,3937.073206,3273.073206,3107.073206,2609.073206,2277.073206,7073.097402,5613.097402,5248.097402,4153.097402,3423.097402,NA,NA,NA,NA,NA,0,0,0,0,0,0,0,0,0,21,100,134,72,365,72,72,365,72,23.71730847,75.2743373,NA,NA,NA,NA,2,FALSE,2
1276,1550,Queensland,S,202,253,NA,Wheat,,Wheat,91,1-Apr,212,31-Jul,151.5,122,274,1-Oct,334,30-Nov,304,61,FAS Australia,,NA,Wheat,253,152.5,-26.18911399,149.7139797,10551.54222,-4.056706066,19.59299654,57.33714571,11.81667068,27.93068061,25.87478556,95.35228157,7,9,1,1,14.32133365,38.20376651,0.649845791,11.43991132,145.0570247,0.210636737,258,0.558452893,136,0.529232503,-4.393048618,0.64052358,2338.894444,1726.894444,1573.894444,1114.894444,808.8944437,7140.062974,5680.062974,5315.062974,4220.062974,3490.062974,NA,NA,NA,NA,NA,0,0,0,9,90,108,0,0,0,10,96,130,73,365,73,73,365,73,15.28689179,38.2125173,NA,NA,NA,NA,2,TRUE,2X
620,740,Paraguay,N,223,NA,NA,Soybeans,,Soybean,280,7-Oct,365,31-Dec,322.5,86,60,1-Mar,182,1-Jul,121,123,MWCACP Updates,,NA,Soybeans,223,163.5,-25.68330595,-55.3040432,11585.16093,-2.138478998,21.40915963,146.1373599,16.28862385,92.06698412,25.88359916,194.6095992,6,7,1,10,23.77247243,163.7594591,0.559523965,14.26746778,260.6154741,0.857300664,350,2.084934516,166,0.937252151,-3.031530157,0.867821763,3994.055385,3338.055385,3174.055385,2682.055385,2354.055385,7806.333496,6346.333496,5981.333496,4886.333496,4156.333496,NA,NA,NA,NA,NA,0,0,0,0,0,0,0,0,0,0,0,50,365,365,365,365,365,365,24.35399625,157.2266999,NA,NA,NA,NA,2,FALSE,2
410,475,Paraguay,N,223,NA,NA,Wheat,Winter,Wheat,101,11-Apr,172,21-Jun,136.5,72,254,11-Sep,324,20-Nov,289,71,GIEWS,,NA,Wheat.Winter,223,152.5,-25.6741517,-55.37546511,1834.993565,-2.040239774,21.48958506,145.0713436,16.38155892,90.52815747,25.95028487,192.6429404,6,7,1,10,18.58241364,146.1594813,0.505999983,11.65533847,138.3071695,0.86175917,350,2.039685837,165,1.867108521,-3.019942853,0.863135109,2785.497395,2173.497395,2020.497395,1561.497395,1255.497395,7835.700435,6375.700435,6010.700435,4915.700435,4185.700435,NA,NA,NA,NA,NA,0,0,0,0,0,46,0,0,0,0,0,46,365,365,365,365,365,365,18.20586533,125.1125069,NA,NA,NA,NA,2,TRUE,2X
1280,1554,Queensland,S,202,253,NA,Sorghum,,Sorghum,244,1-Sep,59,28-Feb,334,181,60,1-Mar,181,30-Jun,120.5,122,FAS Australia,,NA,Sorghum,253,151.5,-25.57871199,149.6806775,5054.389073,-3.431109091,20.01284058,58.9248063,12.47480504,26.55191616,26.00555771,101.338403,7,9,1,1,24.50863177,82.16710768,0.671324556,14.44903162,293.6884902,0.1958049,258,0.554377578,45,0.413619196,-4.221438939,0.615980612,3663.180613,3055.180613,2903.180613,2447.180613,2143.180613,7293.810962,5833.810962,5468.810962,4373.810962,3643.810962,NA,NA,NA,NA,NA,0,0,0,0,0,0,0,0,0,0,84,121,94,365,94,94,365,94,24.09987245,81.29857181,NA,NA,NA,NA,2,FALSE,2
411,476,Paraguay,N,223,NA,NA,Maize,,Maize,192,11-Jul,263,20-Sep,227.5,72,10,10-Jan,81,22-Mar,45.5,72,GIEWS,,NA,Maize,223,183,-25.33280528,-55.8824389,3598.691179,-1.773505944,21.85894706,140.27111,16.77241315,80.17577858,26.29524151,183.234056,6,7,1,10,18.33866093,93.59492461,0.504829204,12.01942357,156.1057215,0.843705416,350,1.816649197,159,1.044682085,-2.999408809,0.835693586,4283.848727,3551.848727,3368.848727,2819.848727,2453.848727,7970.633268,6510.633268,6145.633268,5050.633268,4320.633268,NA,NA,NA,NA,NA,0,0,0,0,0,0,0,0,0,0,0,24,365,365,365,365,365,365,23.40900944,154.4859435,NA,NA,NA,NA,2,FALSE,2
412,477,Paraguay,N,223,NA,NA,Rice,,Rice,283,10-Oct,354,20-Dec,318.5,72,70,11-Mar,141,21-May,105.5,72,GIEWS,,NA,Rice,223,152,-25.31934729,-55.89717233,280.7156475,-1.795029921,21.83421832,139.2248471,16.75545715,80.9353508,26.2497803,183.1732765,6,7,1,10,23.97654729,165.7466173,0.580789104,14.16459422,263.503111,0.831152947,350,1.821163086,162,0.936203454,-2.991111762,0.83880294,3813.521866,3205.521866,3053.521866,2597.521866,2293.521866,7961.66426,6501.66426,6136.66426,5041.66426,4311.66426,NA,NA,NA,NA,NA,0,0,0,0,0,0,0,0,0,0,0,25,365,365,365,365,365,365,25.08895965,155.4648031,NA,NA,NA,NA,2,FALSE,2
413,478,Paraguay,N,223,NA,NA,Sorghum,,Sorghum,254,11-Sep,324,20-Nov,289,71,10,10-Jan,80,21-Mar,45,71,GIEWS,,NA,Sorghum,223,121,-25.31866442,-55.88630252,228.0487211,-1.795785921,21.83244341,139.3407818,16.75536543,80.99572782,26.24562973,183.3445507,6,7,1,10,22.36703348,183.0540234,0.511088444,13.4732047,224.4858006,0.832443436,350,1.822901588,162,1.252866651,-2.989740258,0.838809004,3026.676029,2542.676029,2421.676029,2058.676029,1816.676029,7961.017683,6501.017683,6136.017683,5041.017683,4311.017683,NA,NA,NA,NA,NA,0,0,0,0,0,0,0,0,0,0,0,25,365,365,365,365,365,365,25.01385148,164.3037091,NA,NA,NA,NA,2,FALSE,2
415,480,Paraguay,N,223,NA,NA,Sweet.Potatoes,,Sweet Potato,223,11-Aug,293,20-Oct,258,71,71,12-Mar,141,21-May,106,71,GIEWS,,NA,Sweet.Potatoes,223,213,-25.3175107,-55.88624799,140.7828523,-1.79583876,21.8329008,139.3425966,16.75648088,80.96466817,26.24534864,183.3408443,6,7,1,10,19.96685546,124.2978775,0.451981761,12.6987338,180.1836588,0.832657966,350,1.822368088,162,1.124213752,-2.989245797,0.838691998,5163.835019,4311.835019,4098.835019,3459.835019,3033.835019,7961.185651,6501.185651,6136.185651,5041.185651,4311.185651,NA,NA,NA,NA,NA,0,0,0,0,0,0,0,0,0,0,0,25,365,365,365,365,365,365,24.2433569,158.0091821,NA,NA,NA,NA,2,FALSE,2
621,741,Paraguay,N,223,NA,NA,Cotton,,Cotton,270,27-Sep,355,21-Dec,312.5,86,42,11-Feb,163,12-Jun,102.5,122,MWCACP Updates,,NA,Cotton,223,155,-25.25358109,-56.0340304,1831.932676,-1.697484594,21.95116111,138.7510547,16.85989607,77.25108657,26.39375211,180.0371285,6,7,1,10,23.75279982,171.8606973,0.581059209,14.03396735,259.8181417,0.840147614,350,1.759032051,156,0.989105588,-2.998102867,0.827716294,3909.463305,3289.463305,3134.463305,2669.463305,2359.463305,8004.305263,6544.305263,6179.305263,5084.305263,4354.305263,NA,NA,NA,NA,NA,0,0,0,0,0,0,0,0,0,0,0,15,365,365,365,365,365,365,25.2223439,157.6438213,NA,NA,NA,NA,2,FALSE,2
659,810,Brazil (Center-South),S,174,-1,NA,Rice,,Rice,286,13-Oct,365,31-Dec,325.5,80,28,28-Jan,148,28-May,88,121,MWCACP,,NA,Rice,-1,127.5,-25.13972578,-52.603053,18883.85811,-0.26629163,20.74755313,129.9109961,16.54363241,83.31273598,24.44861809,180.6322063,7,7,1,1,22.54147709,152.5628111,0.500806528,14.28433064,247.1703201,0.924036477,319,1.266900118,166,0.937411573,-2.404928732,0.741519521,3043.398552,2531.398552,2403.398552,2019.398552,1763.398552,7565.906329,6105.906329,5740.906329,4645.906329,3915.906329,NA,NA,NA,NA,NA,0,0,0,0,0,0,0,0,0,0,0,47,365,365,365,365,365,365,23.77655119,169.7447882,NA,NA,NA,NA,2,FALSE,2
1279,1553,Queensland,S,202,253,NA,Oats,Winter,Oats,121,1-May,181,30-Jun,151,61,274,1-Oct,365,31-Dec,319.5,92,FAS Australia,,NA,Oats.Winter,253,168.5,-24.9834287,149.1844585,1002.054134,-2.889683091,20.25533136,61.8786516,12.91689813,25.12724386,26.06432365,115.2649361,7,9,1,1,15.3674319,37.49567544,0.649855407,11.51497184,149.7948851,0.183296392,258,0.629438499,45,0.486564685,-4.111569978,0.57727679,2851.45844,2175.45844,2006.45844,1499.45844,1161.45844,7382.663926,5922.663926,5557.663926,4462.663926,3732.663926,NA,NA,NA,NA,NA,0,0,0,0,78,100,0,0,0,0,78,115,110,365,110,110,365,110,16.87253515,38.24661015,NA,NA,NA,NA,2,TRUE,2X
414,479,Paraguay,N,223,NA,NA,Potatoes,,Potato,193,12-Jul,232,20-Aug,212.5,40,314,10-Nov,19,19-Jan,349,71,GIEWS,,NA,Potatoes,223,136.5,-24.71768391,-56.92833431,2.152853307,-1.440190138,22.59860396,126.9434649,17.61038022,66.50661575,26.91977062,163.0185789,6,7,1,10,18.59798013,72.89650366,0.567148321,11.77549563,152.7881795,0.75428875,349,1.466215413,160,0.840712221,-2.923652269,0.801441709,3077.65399,2529.65399,2392.65399,1981.65399,1707.65399,8241.033638,6781.033638,6416.033638,5321.033638,4591.033638,NA,NA,NA,NA,NA,0,0,0,0,0,0,0,0,0,0,0,0,365,365,365,365,365,365,22.46462766,128.3097305,NA,NA,NA,NA,2,TRUE,2X
1278,1552,Queensland,S,202,253,NA,Maize,,Corn,244,1-Sep,365,31-Dec,304.5,122,60,1-Mar,212,31-Jul,136,153,FAS Australia,,NA,Maize,253,196.5,-24.1499644,149.4833877,354.3084948,-1.374426629,20.66111329,71.54639772,14.05823615,25.81469171,25.75758454,142.5134367,7,9,1,1,22.79144352,65.92538496,0.671102138,13.79616227,275.4137849,0.186972809,258,0.818470978,45,0.365621627,-3.65191274,0.524434536,4668.383156,3880.383156,3683.383156,3092.383156,2698.383156,7531.942056,6071.942056,5706.942056,4611.942056,3881.942056,NA,NA,NA,NA,NA,0,0,0,0,0,0,0,0,0,0,51,98,137,365,137,137,365,137,23.69737643,100.1660184,NA,NA,NA,NA,2,FALSE,2
